ID_Prueba,CodigoPrueba,ID_Hito,TipoPrueba,PruebaExitosa
82,82,20,Unitarias,0
83,83,20,Regresión,1
84,84,20,Integración,1
85,85,20,Integración,0
86,86,21,Regresión,1
87,87,21,Aceptación,1
88,88,21,Integración,1
89,89,21,Unitarias,1
90,90,21,Integración,1
91,91,22,Regresión,0
92,92,22,Aceptación,0
93,93,22,Regresión,0
94,94,22,Integración,1
95,95,22,Regresión,0
96,96,22,Regresión,0
97,97,23,Unitarias,1
98,98,23,Aceptación,1
112,112,27,Unitarias,1
113,113,27,Aceptación,1
114,114,27,Aceptación,1
115,115,27,Aceptación,1
116,116,27,Integración,1
117,117,27,Aceptación,1
118,118,27,Regresión,1
119,119,28,Unitarias,1
120,120,28,Unitarias,1
121,121,28,Regresión,1
122,122,28,Regresión,1
123,123,28,Integración,1
124,124,28,Unitarias,1
125,125,29,Aceptación,1
126,126,29,Aceptación,1
127,127,29,Integración,1
128,128,29,Integración,0
129,129,29,Unitarias,1
130,130,30,Regresión,1
131,131,30,Integración,1
132,132,31,Unitarias,1
133,133,31,Regresión,1
134,134,31,Regresión,1
135,135,31,Regresión,1
136,136,31,Unitarias,1
385,385,88,Unitarias,1
386,386,88,Unitarias,0
387,387,88,Aceptación,1
388,388,88,Regresión,1
389,389,89,Unitarias,1
390,390,89,Aceptación,1
391,391,89,Regresión,1
392,392,89,Unitarias,1
393,393,89,Integración,0
394,394,89,Unitarias,1
395,395,90,Regresión,1
396,396,90,Regresión,1
397,397,90,Unitarias,1
398,398,90,Integración,1
399,399,90,Aceptación,1
400,400,90,Aceptación,1
401,401,90,Integración,1
402,402,91,Integración,1
403,403,91,Unitarias,1
404,404,91,Integración,1
405,405,91,Regresión,0
406,406,91,Regresión,1
407,407,91,Unitarias,1
408,408,91,Regresión,1
409,409,92,Unitarias,0
410,410,92,Unitarias,0
411,411,92,Unitarias,1
412,412,92,Regresión,1
413,413,92,Aceptación,0
414,414,92,Regresión,1
415,415,92,Regresión,1
462,462,106,Aceptación,1
463,463,106,Integración,1
464,464,106,Aceptación,0
465,465,106,Aceptación,1
466,466,106,Integración,1
467,467,106,Integración,1
468,468,106,Unitarias,1
469,469,107,Integración,1
470,470,107,Integración,0
471,471,107,Unitarias,0
472,472,108,Integración,1
473,473,108,Regresión,1
474,474,108,Regresión,1
475,475,108,Unitarias,1
490,490,112,Aceptación,1
491,491,112,Aceptación,1
492,492,112,Unitarias,0
493,493,113,Regresión,1
494,494,113,Unitarias,1
495,495,114,Unitarias,1
496,496,114,Integración,1
497,497,114,Aceptación,0
498,498,114,Aceptación,1
499,499,114,Unitarias,1
500,500,115,Regresión,1
501,501,115,Aceptación,1
502,502,115,Integración,0
503,503,115,Aceptación,1
504,504,115,Integración,1
505,505,115,Aceptación,1
506,506,115,Regresión,1
507,507,116,Regresión,0
508,508,116,Integración,0
509,509,116,Aceptación,1
510,510,116,Unitarias,0
511,511,116,Integración,0
512,512,116,Aceptación,1
513,513,116,Unitarias,1
533,533,120,Unitarias,1
534,534,120,Aceptación,1
535,535,120,Aceptación,1
536,536,120,Unitarias,1
537,537,120,Unitarias,1
538,538,121,Aceptación,1
539,539,121,Regresión,1
540,540,121,Integración,1
541,541,121,Integración,1
542,542,121,Unitarias,1
543,543,122,Integración,1
544,544,122,Aceptación,1
545,545,122,Unitarias,0
546,546,122,Unitarias,1
547,547,122,Unitarias,1
548,548,122,Integración,1
549,549,122,Unitarias,0
550,550,123,Aceptación,1
551,551,123,Unitarias,1
552,552,123,Unitarias,1
668,668,152,Unitarias,1
669,669,152,Unitarias,1
670,670,152,Aceptación,0
671,671,153,Integración,0
672,672,153,Aceptación,1
673,673,153,Unitarias,1
674,674,153,Unitarias,1
675,675,153,Unitarias,1
676,676,154,Unitarias,1
677,677,154,Aceptación,1
678,678,154,Aceptación,0
679,679,154,Aceptación,1
721,721,163,Aceptación,1
722,722,163,Unitarias,1
723,723,164,Regresión,1
724,724,164,Regresión,1
725,725,164,Regresión,1
726,726,164,Unitarias,1
727,727,164,Regresión,1
728,728,164,Unitarias,1
729,729,165,Regresión,1
730,730,165,Aceptación,1
731,731,165,Integración,1
732,732,166,Regresión,1
733,733,166,Integración,1
734,734,166,Regresión,1
735,735,166,Unitarias,1
736,736,167,Integración,0
737,737,167,Unitarias,1
738,738,167,Regresión,1
739,739,167,Aceptación,1
740,740,167,Aceptación,1
741,741,167,Integración,0
757,757,172,Unitarias,1
758,758,172,Aceptación,1
759,759,172,Regresión,1
760,760,172,Regresión,1
761,761,172,Aceptación,1
762,762,173,Aceptación,1
763,763,173,Integración,1
764,764,173,Unitarias,1
765,765,173,Aceptación,0
766,766,173,Aceptación,1
767,767,174,Regresión,1
768,768,174,Regresión,1
769,769,174,Regresión,1
770,770,174,Integración,1
771,771,174,Regresión,1
772,772,175,Aceptación,1
773,773,175,Regresión,1
774,774,175,Aceptación,1
775,775,175,Regresión,0
776,776,175,Regresión,1
777,777,176,Integración,1
778,778,176,Regresión,1
779,779,176,Integración,0
780,780,176,Unitarias,1
781,781,176,Integración,1
782,782,176,Integración,1
783,783,176,Regresión,1
840,840,190,Integración,1
841,841,190,Aceptación,0
842,842,190,Integración,0
843,843,190,Regresión,1
844,844,191,Aceptación,1
845,845,191,Unitarias,1
846,846,191,Regresión,0
847,847,191,Integración,1
848,848,191,Aceptación,0
849,849,191,Unitarias,0
850,850,192,Regresión,1
851,851,192,Aceptación,1
852,852,192,Aceptación,0
853,853,192,Unitarias,1
854,854,193,Integración,0
855,855,193,Unitarias,0
856,856,193,Unitarias,1
875,875,197,Unitarias,1
876,876,197,Unitarias,0
877,877,197,Aceptación,1
878,878,198,Aceptación,1
879,879,198,Integración,1
880,880,199,Aceptación,1
881,881,199,Integración,1
882,882,200,Aceptación,0
883,883,200,Regresión,1
909,909,206,Integración,1
910,910,206,Integración,1
911,911,206,Regresión,1
912,912,206,Aceptación,1
913,913,207,Regresión,0
914,914,207,Integración,0
915,915,207,Regresión,0
916,916,207,Regresión,1
917,917,208,Regresión,1
918,918,208,Aceptación,1
919,919,208,Aceptación,0
920,920,208,Unitarias,0
921,921,208,Unitarias,1
922,922,208,Integración,0
923,923,208,Unitarias,1
924,924,209,Unitarias,1
925,925,209,Regresión,1
926,926,209,Regresión,1
927,927,209,Unitarias,1
928,928,209,Regresión,1
929,929,209,Integración,1
930,930,209,Aceptación,1
931,931,210,Integración,0
932,932,210,Unitarias,1
1060,1060,240,Integración,1
1061,1061,240,Regresión,1
1062,1062,240,Unitarias,0
1063,1063,241,Integración,1
1064,1064,241,Integración,1
1065,1065,241,Unitarias,1
1066,1066,241,Regresión,0
1067,1067,241,Regresión,1
1068,1068,242,Regresión,1
1069,1069,242,Aceptación,1
1070,1070,242,Unitarias,1
1071,1071,243,Unitarias,1
1072,1072,243,Aceptación,1
1073,1073,243,Regresión,0
1074,1074,243,Regresión,0
1075,1075,243,Aceptación,1
1076,1076,244,Integración,1
1077,1077,244,Aceptación,1
1078,1078,244,Integración,1
1113,1113,253,Integración,1
1114,1114,253,Regresión,1
1115,1115,253,Regresión,1
1116,1116,253,Unitarias,1
1117,1117,253,Unitarias,0
1118,1118,254,Integración,1
1119,1119,254,Unitarias,1
1120,1120,255,Unitarias,0
1121,1121,255,Integración,0
1122,1122,255,Regresión,1
1123,1123,255,Integración,1
1124,1124,255,Unitarias,1
1125,1125,256,Aceptación,1
1126,1126,256,Unitarias,0
1127,1127,256,Integración,0
1128,1128,256,Regresión,1
1230,1230,280,Regresión,1
1231,1231,280,Regresión,0
1232,1232,280,Unitarias,0
1233,1233,280,Aceptación,1
1234,1234,280,Regresión,1
1235,1235,281,Regresión,0
1236,1236,281,Integración,1
1237,1237,281,Aceptación,1
1238,1238,281,Unitarias,1
1239,1239,281,Aceptación,1
1240,1240,281,Unitarias,0
1241,1241,282,Aceptación,1
1242,1242,282,Regresión,0
1243,1243,282,Integración,0
1244,1244,282,Integración,1
1245,1245,282,Regresión,1
1246,1246,282,Aceptación,1
1247,1247,282,Unitarias,1
1248,1248,283,Unitarias,1
1249,1249,283,Integración,1
1250,1250,283,Integración,1
1251,1251,283,Aceptación,1
1252,1252,283,Unitarias,0
1253,1253,284,Aceptación,1
1254,1254,284,Unitarias,1
1255,1255,284,Integración,1
1383,1383,313,Integración,1
1384,1384,313,Aceptación,1
1385,1385,313,Unitarias,1
1386,1386,313,Aceptación,1
1387,1387,313,Unitarias,1
1388,1388,313,Integración,1
1389,1389,313,Unitarias,1
1390,1390,314,Regresión,0
1391,1391,314,Unitarias,0
1392,1392,314,Aceptación,1
1393,1393,314,Unitarias,1
1394,1394,315,Unitarias,1
1395,1395,315,Integración,0
1492,1492,336,Integración,1
1493,1493,336,Aceptación,1
1494,1494,336,Aceptación,1
1495,1495,336,Aceptación,1
1496,1496,336,Aceptación,1
1497,1497,337,Unitarias,1
1498,1498,337,Aceptación,1
1499,1499,337,Regresión,1
1500,1500,338,Regresión,1
1501,1501,338,Regresión,1
1502,1502,338,Aceptación,1
1825,1825,411,Aceptación,1
1826,1826,411,Regresión,1
1827,1827,411,Unitarias,1
1828,1828,411,Regresión,1
1829,1829,411,Unitarias,1
1830,1830,411,Regresión,1
1831,1831,412,Regresión,0
1832,1832,412,Regresión,1
1833,1833,412,Integración,1
1834,1834,412,Unitarias,1
1835,1835,412,Aceptación,1
1836,1836,412,Aceptación,1
1837,1837,413,Aceptación,1
1838,1838,413,Unitarias,1
1839,1839,413,Regresión,0
1840,1840,413,Integración,1
1841,1841,414,Integración,1
1842,1842,414,Aceptación,1
1843,1843,414,Regresión,1
1844,1844,415,Aceptación,1
1845,1845,415,Unitarias,1
1846,1846,415,Aceptación,1
1847,1847,415,Regresión,1
1848,1848,415,Aceptación,1
1849,1849,415,Integración,1
1850,1850,416,Aceptación,1
1851,1851,416,Aceptación,1
1852,1852,416,Regresión,1
1853,1853,416,Regresión,1
1854,1854,416,Aceptación,1
1855,1855,416,Regresión,1
1856,1856,416,Regresión,1
1908,1908,429,Unitarias,0
1909,1909,429,Integración,1
1910,1910,429,Aceptación,1
1911,1911,429,Unitarias,1
1912,1912,430,Aceptación,1
1913,1913,430,Regresión,1
1914,1914,430,Unitarias,1
1915,1915,430,Unitarias,0
1916,1916,430,Integración,1
1917,1917,431,Aceptación,1
1918,1918,431,Aceptación,1
1919,1919,431,Unitarias,1
1920,1920,431,Aceptación,1
1921,1921,431,Integración,0
1922,1922,431,Aceptación,1
1923,1923,431,Regresión,1
1924,1924,432,Regresión,1
1925,1925,432,Aceptación,1
1926,1926,432,Regresión,1
1927,1927,432,Integración,1
1928,1928,432,Regresión,1
1929,1929,432,Unitarias,1
1930,1930,433,Regresión,0
1931,1931,433,Integración,0
1932,1932,433,Regresión,1
1933,1933,433,Integración,1
2185,2185,485,Regresión,1
2186,2186,485,Regresión,0
2187,2187,485,Aceptación,1
2188,2188,485,Aceptación,1
2189,2189,485,Integración,0
2190,2190,485,Integración,1
2191,2191,486,Unitarias,1
2192,2192,486,Aceptación,1
2193,2193,486,Unitarias,1
2194,2194,486,Regresión,1
2195,2195,486,Unitarias,0
2196,2196,487,Unitarias,1
2197,2197,487,Integración,1
2198,2198,487,Regresión,1
2199,2199,487,Aceptación,1
2200,2200,488,Regresión,0
2201,2201,488,Regresión,1
2202,2202,489,Regresión,1
2203,2203,489,Regresión,0
2204,2204,489,Aceptación,0
2205,2205,489,Integración,0
2206,2206,489,Integración,0
2334,2334,518,Aceptación,0
2335,2335,518,Aceptación,1
2336,2336,518,Unitarias,1
2337,2337,518,Aceptación,0
2338,2338,518,Integración,1
2339,2339,519,Regresión,1
2340,2340,519,Aceptación,1
2341,2341,519,Regresión,1
2342,2342,519,Integración,1
2343,2343,519,Aceptación,1
2344,2344,519,Unitarias,1
2345,2345,519,Integración,1
2346,2346,520,Regresión,1
2347,2347,520,Integración,1
2348,2348,520,Integración,1
2349,2349,520,Unitarias,0
2350,2350,520,Regresión,1
2351,2351,520,Unitarias,1
2416,2416,537,Aceptación,1
2417,2417,537,Integración,0
2418,2418,537,Unitarias,1
2419,2419,538,Aceptación,0
2420,2420,538,Unitarias,1
2421,2421,539,Regresión,1
2422,2422,539,Aceptación,1
2423,2423,539,Integración,1
2424,2424,539,Regresión,1
2425,2425,539,Aceptación,1
2426,2426,539,Regresión,1
2427,2427,539,Aceptación,1
2428,2428,540,Regresión,1
2429,2429,540,Unitarias,1
2430,2430,540,Aceptación,1
2678,2678,593,Integración,1
2679,2679,593,Aceptación,1
2680,2680,594,Unitarias,1
2681,2681,594,Aceptación,1
2682,2682,594,Integración,1
2683,2683,594,Unitarias,1
2684,2684,594,Aceptación,0
2685,2685,594,Aceptación,0
2686,2686,594,Regresión,1
2687,2687,595,Regresión,0
2688,2688,595,Aceptación,1
2689,2689,595,Regresión,1
2690,2690,595,Regresión,1
2691,2691,595,Integración,1
2692,2692,596,Integración,1
2693,2693,596,Regresión,1
2694,2694,596,Unitarias,0
2695,2695,596,Unitarias,1
2696,2696,596,Unitarias,1
2734,2734,604,Aceptación,1
2735,2735,604,Unitarias,1
2736,2736,604,Aceptación,1
2737,2737,605,Regresión,0
2738,2738,605,Unitarias,1
2739,2739,605,Aceptación,1
2740,2740,606,Unitarias,1
2741,2741,606,Integración,1
2742,2742,607,Unitarias,1
2743,2743,607,Regresión,0
2744,2744,607,Regresión,0
2745,2745,608,Integración,1
2746,2746,608,Regresión,1
2747,2747,608,Aceptación,1
2912,2912,649,Unitarias,0
2913,2913,649,Aceptación,0
2914,2914,649,Unitarias,1
2915,2915,649,Integración,1
2916,2916,649,Aceptación,0
2917,2917,649,Unitarias,1
2918,2918,649,Integración,1
2919,2919,650,Regresión,1
2920,2920,650,Aceptación,0
2921,2921,651,Integración,1
2922,2922,651,Aceptación,1
2923,2923,651,Unitarias,1
2924,2924,651,Integración,1
2925,2925,651,Unitarias,1
2926,2926,651,Aceptación,1
2927,2927,651,Regresión,1
2928,2928,652,Regresión,1
2929,2929,652,Regresión,1
2930,2930,652,Integración,0
2931,2931,652,Unitarias,1
2932,2932,652,Integración,1
2933,2933,652,Regresión,0
2934,2934,653,Aceptación,0
2935,2935,653,Aceptación,1
2936,2936,653,Unitarias,1
2937,2937,653,Integración,1
2938,2938,653,Aceptación,0
2939,2939,653,Regresión,1
2940,2940,653,Unitarias,1
3056,3056,681,Integración,0
3057,3057,681,Regresión,0
3058,3058,681,Integración,1
3059,3059,681,Aceptación,0
3060,3060,682,Aceptación,1
3061,3061,682,Integración,0
3062,3062,683,Aceptación,1
3063,3063,683,Unitarias,0
3064,3064,683,Regresión,1
3065,3065,683,Aceptación,0
3066,3066,683,Integración,0
3067,3067,683,Aceptación,0
3068,3068,683,Regresión,1
3069,3069,684,Integración,1
3070,3070,684,Integración,1
3071,3071,684,Aceptación,1
3072,3072,684,Regresión,1
3073,3073,684,Regresión,1
3074,3074,684,Aceptación,1
3075,3075,684,Aceptación,1
3076,3076,685,Integración,1
3077,3077,685,Unitarias,1
3078,3078,685,Aceptación,0
3079,3079,685,Aceptación,1
3080,3080,685,Unitarias,0
3081,3081,685,Aceptación,1
3082,3082,686,Unitarias,1
3083,3083,686,Integración,1
3084,3084,686,Unitarias,1
3085,3085,687,Regresión,1
3086,3086,687,Aceptación,1
3087,3087,687,Integración,0
3088,3088,687,Aceptación,1
3089,3089,687,Aceptación,1
3090,3090,687,Aceptación,0
3159,3159,702,Regresión,1
3160,3160,702,Unitarias,1
3161,3161,702,Regresión,1
3162,3162,702,Regresión,1
3163,3163,703,Integración,1
3164,3164,703,Aceptación,1
3165,3165,703,Unitarias,1
3166,3166,703,Aceptación,1
3167,3167,703,Unitarias,0
3168,3168,703,Regresión,1
3169,3169,703,Aceptación,1
3170,3170,704,Aceptación,0
3171,3171,704,Regresión,1
3172,3172,704,Regresión,1
3173,3173,705,Aceptación,0
3174,3174,705,Integración,1
3175,3175,705,Unitarias,1
3176,3176,706,Aceptación,1
3177,3177,706,Integración,1
3178,3178,706,Aceptación,1
3179,3179,706,Unitarias,1
3180,3180,707,Aceptación,0
3181,3181,707,Unitarias,1
3182,3182,707,Aceptación,1
3183,3183,707,Integración,0
3184,3184,707,Integración,1
3211,3211,715,Integración,1
3212,3212,715,Regresión,1
3213,3213,715,Unitarias,1
3214,3214,715,Integración,1
3215,3215,716,Integración,0
3216,3216,716,Integración,0
3217,3217,716,Unitarias,1
3218,3218,716,Aceptación,0
3219,3219,716,Aceptación,1
3220,3220,716,Integración,1
3221,3221,717,Integración,1
3222,3222,717,Integración,1
3223,3223,717,Integración,1
3224,3224,718,Integración,0
3225,3225,718,Integración,1
3226,3226,718,Regresión,1
3227,3227,718,Integración,1
3228,3228,719,Regresión,1
3229,3229,719,Regresión,1
3230,3230,719,Unitarias,1
3231,3231,719,Integración,1
3244,3244,724,Unitarias,1
3245,3245,724,Unitarias,0
3246,3246,724,Aceptación,1
3247,3247,724,Integración,1
3248,3248,724,Regresión,1
3249,3249,724,Integración,0
3250,3250,724,Unitarias,1
3251,3251,725,Integración,1
3252,3252,725,Aceptación,1
3253,3253,725,Unitarias,1
3254,3254,725,Aceptación,1
3255,3255,726,Integración,1
3256,3256,726,Regresión,0
3257,3257,726,Regresión,1
3258,3258,726,Unitarias,1
3259,3259,726,Aceptación,1
3260,3260,726,Integración,1
3261,3261,727,Integración,1
3262,3262,727,Aceptación,1
3263,3263,727,Unitarias,1
3264,3264,727,Integración,1
3265,3265,727,Unitarias,1
3266,3266,728,Aceptación,0
3267,3267,728,Regresión,1
3268,3268,728,Unitarias,1
3269,3269,728,Unitarias,1
3270,3270,728,Unitarias,0
3469,3469,775,Unitarias,0
3470,3470,775,Integración,1
3471,3471,776,Regresión,1
3472,3472,776,Aceptación,1
3473,3473,777,Unitarias,1
3474,3474,777,Regresión,1
3475,3475,777,Unitarias,0
3476,3476,777,Aceptación,1
3477,3477,777,Regresión,1
3478,3478,777,Regresión,1
3479,3479,777,Regresión,1
3480,3480,778,Aceptación,1
3481,3481,778,Integración,1
3482,3482,778,Aceptación,0
3483,3483,778,Unitarias,1
3484,3484,778,Integración,1
3485,3485,778,Unitarias,1
3730,3730,831,Unitarias,1
3731,3731,831,Unitarias,0
3732,3732,831,Integración,1
3733,3733,831,Integración,1
3734,3734,831,Regresión,0
3735,3735,832,Unitarias,1
3736,3736,832,Regresión,1
3737,3737,832,Unitarias,1
3738,3738,832,Aceptación,0
3739,3739,832,Regresión,0
3740,3740,832,Aceptación,1
3741,3741,833,Regresión,1
3742,3742,833,Regresión,1
3743,3743,834,Aceptación,1
3744,3744,834,Integración,1
3745,3745,835,Integración,0
3746,3746,835,Regresión,1
3747,3747,835,Unitarias,1
3748,3748,835,Regresión,1
3749,3749,835,Aceptación,1
3750,3750,835,Unitarias,1
3751,3751,835,Regresión,1
3752,3752,836,Regresión,1
3753,3753,836,Regresión,1
3754,3754,836,Unitarias,0
3755,3755,836,Regresión,0
3756,3756,837,Regresión,1
3757,3757,837,Regresión,0
3758,3758,838,Regresión,1
3759,3759,838,Aceptación,1
3760,3760,838,Integración,1
3761,3761,838,Aceptación,0
3762,3762,838,Integración,1
3763,3763,838,Unitarias,1
3838,3838,856,Integración,1
3839,3839,856,Regresión,1
3840,3840,856,Regresión,1
3841,3841,856,Aceptación,1
3842,3842,857,Integración,1
3843,3843,857,Regresión,1
3844,3844,857,Aceptación,0
3845,3845,857,Unitarias,1
3846,3846,858,Aceptación,1
3847,3847,858,Unitarias,1
3848,3848,858,Regresión,1
3849,3849,858,Aceptación,1
3850,3850,859,Integración,1
3851,3851,859,Unitarias,1
3852,3852,859,Integración,1
3853,3853,859,Aceptación,1
3854,3854,859,Integración,0
3855,3855,859,Unitarias,1
3856,3856,860,Integración,1
3857,3857,860,Integración,1
3858,3858,860,Unitarias,1
3859,3859,860,Aceptación,1
3860,3860,860,Regresión,1
3861,3861,860,Aceptación,1
3862,3862,860,Unitarias,0
3972,3972,885,Regresión,1
3973,3973,885,Aceptación,1
3974,3974,885,Integración,1
3975,3975,885,Integración,1
3976,3976,885,Aceptación,0
3977,3977,885,Unitarias,1
3978,3978,885,Aceptación,1
3979,3979,886,Aceptación,1
3980,3980,886,Aceptación,1
3981,3981,886,Unitarias,1
3982,3982,886,Integración,0
3983,3983,886,Aceptación,0
3984,3984,886,Aceptación,0
3985,3985,886,Unitarias,0
3986,3986,887,Unitarias,1
3987,3987,887,Aceptación,0
3988,3988,887,Regresión,1
3989,3989,887,Aceptación,0
3990,3990,887,Aceptación,1
3991,3991,887,Unitarias,0
3992,3992,888,Integración,1
3993,3993,888,Regresión,0
3994,3994,888,Regresión,1
3995,3995,888,Unitarias,0
3996,3996,888,Regresión,1
4012,4012,893,Unitarias,1
4013,4013,893,Integración,1
4014,4014,893,Regresión,0
4015,4015,894,Integración,1
4016,4016,894,Aceptación,0
4017,4017,894,Aceptación,1
4018,4018,895,Regresión,0
4019,4019,895,Unitarias,1
4020,4020,895,Unitarias,1
4021,4021,895,Regresión,1
4022,4022,895,Integración,1
4023,4023,895,Integración,1
4103,4103,913,Aceptación,1
4104,4104,913,Unitarias,1
4105,4105,913,Integración,1
4106,4106,913,Aceptación,0
4107,4107,913,Integración,0
4108,4108,913,Regresión,1
4109,4109,914,Regresión,1
4110,4110,914,Aceptación,1
4111,4111,914,Regresión,1
4112,4112,914,Unitarias,1
4113,4113,914,Unitarias,1
4114,4114,914,Regresión,1
4115,4115,914,Aceptación,1
4116,4116,915,Integración,0
4117,4117,915,Regresión,1
4118,4118,915,Regresión,1
4119,4119,915,Integración,0
4120,4120,916,Regresión,1
4121,4121,916,Aceptación,1
4122,4122,916,Integración,1
4123,4123,916,Unitarias,1
4124,4124,916,Integración,1
4125,4125,917,Aceptación,1
4126,4126,917,Integración,1
4127,4127,918,Regresión,1
4128,4128,918,Unitarias,1
4129,4129,918,Unitarias,0
4130,4130,918,Regresión,1
4131,4131,918,Unitarias,1
4132,4132,918,Integración,1
4133,4133,919,Unitarias,1
4134,4134,919,Aceptación,1
4135,4135,919,Unitarias,1
4136,4136,919,Unitarias,1
4137,4137,919,Aceptación,1
4138,4138,920,Unitarias,1
4139,4139,920,Integración,1
4140,4140,920,Aceptación,1
4141,4141,920,Aceptación,1
4142,4142,921,Unitarias,0
4143,4143,921,Aceptación,1
4144,4144,921,Regresión,1
4145,4145,921,Unitarias,1
4146,4146,921,Integración,1
4147,4147,922,Unitarias,1
4148,4148,922,Aceptación,1
4149,4149,922,Aceptación,0
4150,4150,922,Unitarias,0
4151,4151,922,Unitarias,1
4152,4152,923,Regresión,1
4153,4153,923,Regresión,1
4154,4154,923,Aceptación,1
4155,4155,924,Aceptación,1
4156,4156,924,Aceptación,1
4157,4157,924,Regresión,1
4158,4158,924,Unitarias,1
4159,4159,924,Unitarias,1
4160,4160,924,Regresión,1
4161,4161,924,Aceptación,0
4162,4162,925,Integración,0
4163,4163,925,Unitarias,1
4164,4164,925,Aceptación,1
4165,4165,925,Integración,1
4166,4166,925,Regresión,1
4167,4167,925,Integración,1
4168,4168,925,Unitarias,0
4194,4194,931,Unitarias,1
4195,4195,931,Regresión,0
4196,4196,931,Aceptación,0
4197,4197,931,Regresión,1
4198,4198,931,Regresión,1
4199,4199,932,Regresión,1
4200,4200,932,Regresión,1
4201,4201,932,Aceptación,1
4202,4202,932,Unitarias,1
4203,4203,932,Aceptación,0
4204,4204,932,Aceptación,1
4205,4205,933,Aceptación,1
4206,4206,933,Regresión,1
4207,4207,934,Unitarias,1
4208,4208,934,Regresión,1
4209,4209,935,Integración,1
4210,4210,935,Unitarias,1
4211,4211,935,Unitarias,0
4212,4212,935,Aceptación,1
4213,4213,935,Aceptación,1
4214,4214,935,Aceptación,0
4215,4215,936,Unitarias,1
4216,4216,936,Integración,1
4217,4217,936,Integración,0
4218,4218,936,Aceptación,1
4219,4219,936,Integración,1
4220,4220,936,Integración,1
4221,4221,937,Aceptación,1
4222,4222,937,Unitarias,1
4223,4223,937,Regresión,1
4224,4224,937,Aceptación,1
4225,4225,937,Regresión,0
4226,4226,938,Integración,1
4227,4227,938,Aceptación,1
4228,4228,939,Integración,0
4229,4229,939,Regresión,1
4230,4230,939,Integración,1
4231,4231,939,Regresión,1
4232,4232,939,Unitarias,1
4233,4233,939,Integración,1
4234,4234,939,Aceptación,1
4400,4400,972,Aceptación,1
4401,4401,972,Regresión,1
4402,4402,973,Aceptación,0
4403,4403,973,Unitarias,0
4404,4404,973,Aceptación,1
4405,4405,973,Integración,1
4406,4406,973,Integración,1
4407,4407,973,Integración,1
4408,4408,974,Regresión,1
4409,4409,974,Aceptación,1
4410,4410,975,Integración,0
4411,4411,975,Unitarias,1
4434,4434,980,Unitarias,1
4435,4435,980,Aceptación,1
4436,4436,980,Unitarias,1
4437,4437,980,Aceptación,1
4438,4438,980,Unitarias,1
4439,4439,980,Unitarias,1
4440,4440,980,Integración,1
4441,4441,981,Unitarias,0
4442,4442,981,Integración,1
4443,4443,981,Unitarias,1
4444,4444,981,Integración,1
4445,4445,982,Unitarias,1
4446,4446,982,Regresión,1
4447,4447,982,Integración,1
4448,4448,982,Aceptación,0
4449,4449,982,Aceptación,1
4450,4450,983,Aceptación,1
4451,4451,983,Regresión,1
4495,4495,994,Unitarias,0
4496,4496,994,Regresión,0
4497,4497,994,Regresión,1
4498,4498,994,Integración,1
4499,4499,994,Integración,0
4500,4500,994,Integración,1
4501,4501,995,Regresión,0
4502,4502,995,Regresión,1
4503,4503,995,Unitarias,0
4504,4504,995,Unitarias,0
4505,4505,995,Aceptación,1
4506,4506,995,Integración,1
4507,4507,996,Unitarias,1
4508,4508,996,Regresión,1
4509,4509,996,Unitarias,1
4510,4510,997,Unitarias,0
4511,4511,997,Regresión,1
4512,4512,997,Unitarias,1
4513,4513,997,Integración,1
4514,4514,997,Regresión,1
4515,4515,997,Unitarias,1
4516,4516,998,Regresión,0
4517,4517,998,Regresión,1
4518,4518,998,Integración,0
4519,4519,998,Unitarias,1
4520,4520,998,Aceptación,1
4521,4521,998,Unitarias,0
4561,4561,1007,Integración,1
4562,4562,1007,Integración,1
4563,4563,1007,Unitarias,1
4564,4564,1007,Integración,1
4565,4565,1007,Aceptación,0
4566,4566,1007,Integración,1
4567,4567,1008,Unitarias,1
4568,4568,1008,Unitarias,1
4569,4569,1008,Regresión,0
4570,4570,1008,Aceptación,1
4571,4571,1008,Aceptación,0
4572,4572,1009,Unitarias,1
4573,4573,1009,Aceptación,1
4574,4574,1009,Unitarias,1
4575,4575,1010,Aceptación,1
4576,4576,1010,Aceptación,1
4577,4577,1011,Unitarias,1
4578,4578,1011,Regresión,1
4579,4579,1011,Aceptación,1
4580,4580,1011,Regresión,1
4581,4581,1012,Aceptación,0
4582,4582,1012,Aceptación,1
4583,4583,1012,Regresión,1
4584,4584,1012,Integración,1
4585,4585,1012,Unitarias,1
4586,4586,1012,Unitarias,0
4587,4587,1012,Regresión,1
4588,4588,1013,Unitarias,1
4589,4589,1013,Integración,1
4590,4590,1013,Unitarias,0
4591,4591,1013,Integración,1
4592,4592,1013,Aceptación,1
4593,4593,1014,Aceptación,1
4594,4594,1014,Aceptación,0
4595,4595,1014,Regresión,1
4596,4596,1014,Unitarias,1
4597,4597,1014,Unitarias,1
4598,4598,1014,Aceptación,1
4599,4599,1015,Aceptación,1
4600,4600,1015,Aceptación,0
4601,4601,1015,Aceptación,0
4602,4602,1015,Integración,0
4603,4603,1016,Regresión,1
4604,4604,1016,Aceptación,1
4678,4678,1033,Aceptación,1
4679,4679,1033,Unitarias,1
4680,4680,1033,Regresión,0
4681,4681,1033,Unitarias,1
4682,4682,1033,Aceptación,0
4683,4683,1033,Unitarias,1
4684,4684,1033,Unitarias,1
4685,4685,1034,Regresión,1
4686,4686,1034,Unitarias,0
4687,4687,1034,Aceptación,1
4688,4688,1034,Regresión,1
4689,4689,1034,Aceptación,1
4690,4690,1035,Aceptación,1
4691,4691,1035,Regresión,1
4714,4714,1043,Integración,1
4715,4715,1043,Integración,1
4716,4716,1043,Integración,1
4717,4717,1043,Regresión,1
4718,4718,1043,Unitarias,1
4719,4719,1043,Aceptación,1
4720,4720,1044,Unitarias,1
4721,4721,1044,Regresión,1
4722,4722,1044,Unitarias,1
4723,4723,1044,Regresión,0
4724,4724,1044,Unitarias,0
4725,4725,1044,Integración,1
4726,4726,1045,Unitarias,1
4727,4727,1045,Unitarias,1
4728,4728,1045,Regresión,1
4729,4729,1045,Unitarias,0
4730,4730,1045,Aceptación,1
4731,4731,1045,Unitarias,1
4732,4732,1045,Integración,1
4733,4733,1046,Integración,1
4734,4734,1046,Unitarias,1
4735,4735,1046,Unitarias,0
4736,4736,1046,Regresión,1
4737,4737,1047,Unitarias,1
4738,4738,1047,Aceptación,1
4739,4739,1047,Regresión,1
4740,4740,1047,Regresión,1
4741,4741,1048,Regresión,1
4742,4742,1048,Aceptación,1
4743,4743,1048,Integración,1
4744,4744,1048,Regresión,1
4745,4745,1048,Aceptación,1
4746,4746,1048,Regresión,1
4818,4818,1067,Unitarias,1
4819,4819,1067,Regresión,1
4820,4820,1067,Unitarias,0
4821,4821,1067,Regresión,1
4822,4822,1067,Regresión,1
4823,4823,1067,Unitarias,0
4824,4824,1067,Unitarias,1
4825,4825,1068,Integración,1
4826,4826,1068,Aceptación,1
4827,4827,1069,Integración,1
4828,4828,1069,Integración,1
4829,4829,1069,Unitarias,1
4854,4854,1075,Regresión,1
4855,4855,1075,Regresión,0
4856,4856,1075,Aceptación,1
4857,4857,1075,Integración,1
4858,4858,1076,Aceptación,1
4859,4859,1076,Aceptación,1
4860,4860,1076,Integración,0
4861,4861,1076,Integración,1
4862,4862,1076,Aceptación,1
4863,4863,1076,Integración,1
4864,4864,1077,Integración,1
4865,4865,1077,Integración,1
4866,4866,1077,Regresión,1
4867,4867,1077,Integración,1
4968,4968,1100,Regresión,1
4969,4969,1100,Integración,1
4970,4970,1101,Unitarias,1
4971,4971,1101,Regresión,1
4972,4972,1101,Unitarias,1
4973,4973,1101,Unitarias,1
4974,4974,1101,Aceptación,1
4975,4975,1101,Unitarias,1
4976,4976,1101,Unitarias,1
4977,4977,1102,Integración,1
4978,4978,1102,Aceptación,1
4979,4979,1102,Unitarias,1
4980,4980,1103,Aceptación,0
4981,4981,1103,Unitarias,0
4982,4982,1103,Aceptación,1
4983,4983,1103,Regresión,0
4984,4984,1103,Aceptación,1
4985,4985,1103,Aceptación,1
4986,4986,1104,Aceptación,1
4987,4987,1104,Integración,0
4988,4988,1104,Integración,1
4989,4989,1104,Regresión,1
4990,4990,1104,Integración,0
4991,4991,1104,Regresión,1
5079,5079,1124,Integración,0
5080,5080,1124,Aceptación,0
5081,5081,1124,Aceptación,1
5082,5082,1124,Integración,1
5083,5083,1125,Aceptación,1
5084,5084,1125,Integración,1
5085,5085,1125,Aceptación,1
5086,5086,1125,Regresión,1
5087,5087,1125,Aceptación,1
5088,5088,1125,Regresión,0
5089,5089,1126,Integración,1
5090,5090,1126,Integración,1
5091,5091,1126,Unitarias,1
5092,5092,1126,Regresión,1
5093,5093,1126,Regresión,1
5094,5094,1126,Unitarias,1
5095,5095,1126,Regresión,1
5096,5096,1127,Unitarias,1
5097,5097,1127,Regresión,1
5098,5098,1127,Regresión,1
5099,5099,1127,Integración,1
5100,5100,1127,Aceptación,0
5101,5101,1128,Unitarias,1
5102,5102,1128,Unitarias,1
5103,5103,1129,Unitarias,1
5104,5104,1129,Aceptación,1
5105,5105,1129,Regresión,1
5106,5106,1129,Unitarias,1
5107,5107,1130,Aceptación,1
5108,5108,1130,Aceptación,0
5109,5109,1130,Aceptación,1
5131,5131,1135,Regresión,1
5132,5132,1135,Integración,1
5133,5133,1135,Regresión,1
5134,5134,1135,Regresión,1
5135,5135,1135,Unitarias,1
5136,5136,1135,Aceptación,1
5137,5137,1135,Integración,1
5138,5138,1136,Aceptación,0
5139,5139,1136,Regresión,1
5140,5140,1136,Aceptación,1
5141,5141,1136,Aceptación,1
5142,5142,1136,Aceptación,1
5143,5143,1137,Aceptación,0
5144,5144,1137,Aceptación,1
5145,5145,1137,Integración,0
5146,5146,1137,Regresión,1
5147,5147,1138,Unitarias,1
5148,5148,1138,Integración,0
5163,5163,1142,Regresión,1
5164,5164,1142,Regresión,1
5165,5165,1142,Aceptación,1
5166,5166,1142,Unitarias,1
5167,5167,1142,Regresión,1
5168,5168,1142,Regresión,1
5169,5169,1143,Unitarias,1
5170,5170,1143,Unitarias,1
5171,5171,1143,Aceptación,1
5172,5172,1144,Integración,1
5173,5173,1144,Integración,0
5174,5174,1144,Integración,1
5175,5175,1145,Integración,1
5176,5176,1145,Integración,1
5177,5177,1145,Unitarias,1
5178,5178,1145,Unitarias,1
5179,5179,1145,Aceptación,0
5180,5180,1145,Unitarias,0
5200,5200,1150,Unitarias,1
5201,5201,1150,Aceptación,1
5202,5202,1150,Aceptación,1
5203,5203,1150,Aceptación,1
5204,5204,1150,Integración,1
5205,5205,1150,Integración,1
5206,5206,1151,Unitarias,1
5207,5207,1151,Integración,1
5208,5208,1151,Regresión,1
5209,5209,1151,Integración,1
5210,5210,1151,Regresión,1
5211,5211,1151,Regresión,1
5212,5212,1152,Regresión,1
5213,5213,1152,Regresión,1
5214,5214,1152,Aceptación,1
5256,5256,1161,Unitarias,1
5257,5257,1161,Unitarias,1
5258,5258,1161,Regresión,1
5259,5259,1161,Regresión,1
5260,5260,1162,Regresión,1
5261,5261,1162,Integración,0
5262,5262,1162,Regresión,1
5263,5263,1162,Unitarias,0
5264,5264,1162,Regresión,1
5265,5265,1162,Regresión,0
5266,5266,1163,Integración,0
5267,5267,1163,Integración,1
5268,5268,1163,Integración,1
5269,5269,1163,Regresión,0
5270,5270,1164,Regresión,0
5271,5271,1164,Aceptación,1
5272,5272,1164,Regresión,0
5273,5273,1164,Aceptación,1
5274,5274,1165,Integración,0
5275,5275,1165,Regresión,1
5276,5276,1165,Integración,0
5277,5277,1166,Regresión,0
5278,5278,1166,Regresión,0
5279,5279,1166,Aceptación,1
5280,5280,1166,Unitarias,1
5281,5281,1166,Integración,1
5282,5282,1166,Regresión,1
5283,5283,1167,Integración,1
5284,5284,1167,Regresión,1
5285,5285,1167,Regresión,0
5286,5286,1167,Regresión,1
5287,5287,1167,Regresión,1
5288,5288,1167,Integración,0
5289,5289,1167,Unitarias,1
5290,5290,1168,Unitarias,1
5291,5291,1168,Regresión,1
5292,5292,1168,Regresión,0
5293,5293,1168,Regresión,0
5294,5294,1168,Unitarias,1
5295,5295,1168,Regresión,1
5296,5296,1168,Integración,1
5297,5297,1169,Aceptación,1
5298,5298,1169,Aceptación,1
5299,5299,1169,Aceptación,1
5300,5300,1169,Integración,0
5301,5301,1169,Integración,1
5302,5302,1169,Aceptación,1
5388,5388,1188,Regresión,0
5389,5389,1188,Unitarias,1
5390,5390,1188,Regresión,1
5391,5391,1188,Regresión,0
5392,5392,1188,Unitarias,1
5393,5393,1188,Unitarias,1
5394,5394,1189,Aceptación,1
5395,5395,1189,Integración,0
5396,5396,1189,Integración,1
5397,5397,1189,Integración,0
5398,5398,1189,Aceptación,1
5399,5399,1190,Aceptación,1
5400,5400,1190,Regresión,1
5401,5401,1190,Regresión,1
5402,5402,1190,Aceptación,1
5403,5403,1190,Integración,1
5404,5404,1191,Regresión,0
5405,5405,1191,Aceptación,1
5406,5406,1191,Unitarias,1
5407,5407,1192,Unitarias,1
5408,5408,1192,Aceptación,1
5409,5409,1192,Regresión,0
5410,5410,1192,Unitarias,1
5411,5411,1192,Aceptación,1
5412,5412,1192,Integración,0
5588,5588,1232,Integración,1
5589,5589,1232,Regresión,0
5590,5590,1232,Aceptación,1
5591,5591,1232,Unitarias,1
5592,5592,1232,Integración,1
5593,5593,1232,Unitarias,0
5594,5594,1233,Integración,1
5595,5595,1233,Integración,1
5596,5596,1233,Aceptación,0
5597,5597,1234,Aceptación,1
5598,5598,1234,Aceptación,1
5599,5599,1235,Unitarias,1
5600,5600,1235,Regresión,1
5601,5601,1235,Unitarias,1
5602,5602,1235,Unitarias,1
5603,5603,1235,Aceptación,1
5604,5604,1236,Aceptación,1
5605,5605,1236,Regresión,1
5639,5639,1244,Integración,1
5640,5640,1244,Unitarias,0
5641,5641,1244,Aceptación,0
5642,5642,1244,Unitarias,1
5643,5643,1244,Regresión,1
5644,5644,1245,Integración,1
5645,5645,1245,Unitarias,1
5646,5646,1245,Integración,1
5647,5647,1246,Unitarias,1
5648,5648,1246,Aceptación,1
5649,5649,1246,Unitarias,1
5650,5650,1246,Unitarias,0
5651,5651,1247,Integración,1
5652,5652,1247,Regresión,0
5653,5653,1247,Regresión,1
5654,5654,1247,Aceptación,1
5655,5655,1247,Integración,1
5656,5656,1247,Aceptación,1
5657,5657,1248,Integración,1
5658,5658,1248,Integración,1
5659,5659,1248,Aceptación,1
5660,5660,1248,Integración,1
5661,5661,1248,Integración,1
5662,5662,1248,Aceptación,1
5663,5663,1248,Aceptación,1
5664,5664,1249,Aceptación,1
5665,5665,1249,Integración,1
5666,5666,1249,Aceptación,1
5667,5667,1249,Integración,1
5668,5668,1249,Unitarias,0
5669,5669,1250,Regresión,0
5670,5670,1250,Integración,1
5671,5671,1250,Aceptación,0
5672,5672,1251,Unitarias,1
5673,5673,1251,Unitarias,1
5674,5674,1251,Unitarias,1
5675,5675,1252,Aceptación,1
5676,5676,1252,Integración,0
5677,5677,1252,Integración,1
5961,5961,1315,Aceptación,0
5962,5962,1315,Regresión,1
5963,5963,1315,Integración,0
5964,5964,1315,Aceptación,0
5965,5965,1315,Aceptación,1
5966,5966,1316,Unitarias,1
5967,5967,1316,Unitarias,1
5968,5968,1316,Regresión,0
5969,5969,1317,Integración,1
5970,5970,1317,Integración,0
5971,5971,1317,Unitarias,1
5972,5972,1317,Unitarias,1
5973,5973,1317,Regresión,1
5974,5974,1318,Integración,1
5975,5975,1318,Integración,1
5976,5976,1318,Regresión,1
5977,5977,1318,Regresión,1
5978,5978,1318,Regresión,1
5979,5979,1318,Integración,1
5980,5980,1319,Unitarias,0
5981,5981,1319,Regresión,1
5982,5982,1319,Unitarias,0
5983,5983,1319,Aceptación,1
5984,5984,1319,Aceptación,0
5985,5985,1320,Aceptación,1
5986,5986,1320,Regresión,0
5987,5987,1320,Aceptación,1
5988,5988,1320,Unitarias,1
5989,5989,1320,Unitarias,1
5990,5990,1321,Unitarias,1
5991,5991,1321,Aceptación,1
5992,5992,1321,Unitarias,1
5993,5993,1321,Aceptación,0
5994,5994,1321,Regresión,1
5995,5995,1321,Aceptación,1
5996,5996,1321,Integración,1
5997,5997,1322,Integración,0
5998,5998,1322,Unitarias,1
5999,5999,1322,Aceptación,1
6027,6027,1331,Aceptación,1
6028,6028,1331,Integración,1
6029,6029,1331,Regresión,1
6030,6030,1331,Aceptación,1
6031,6031,1332,Integración,1
6032,6032,1332,Integración,1
6033,6033,1332,Aceptación,1
6034,6034,1332,Aceptación,0
6035,6035,1332,Unitarias,1
6036,6036,1333,Aceptación,0
6037,6037,1333,Integración,0
6038,6038,1333,Regresión,1
6039,6039,1333,Aceptación,1
6040,6040,1333,Integración,1
6041,6041,1333,Integración,1
6042,6042,1333,Integración,1
6043,6043,1334,Integración,1
6044,6044,1334,Unitarias,1
6045,6045,1334,Integración,0
6046,6046,1334,Regresión,1
6047,6047,1334,Integración,1
6048,6048,1334,Regresión,1
6049,6049,1334,Aceptación,1
6099,6099,1347,Regresión,1
6100,6100,1347,Unitarias,1
6101,6101,1347,Regresión,1
6102,6102,1347,Aceptación,1
6103,6103,1347,Integración,1
6104,6104,1347,Aceptación,1
6105,6105,1348,Regresión,1
6106,6106,1348,Unitarias,1
6107,6107,1349,Integración,1
6108,6108,1349,Unitarias,1
6109,6109,1349,Regresión,1
6110,6110,1349,Aceptación,0
6111,6111,1349,Integración,0
6112,6112,1349,Aceptación,1
6180,6180,1364,Unitarias,0
6181,6181,1364,Aceptación,1
6182,6182,1364,Aceptación,1
6183,6183,1364,Aceptación,0
6184,6184,1364,Regresión,0
6185,6185,1364,Regresión,0
6186,6186,1365,Integración,1
6187,6187,1365,Regresión,0
6188,6188,1365,Aceptación,0
6189,6189,1365,Aceptación,0
6190,6190,1366,Regresión,1
6191,6191,1366,Aceptación,1
6192,6192,1367,Integración,0
6193,6193,1367,Unitarias,1
6194,6194,1367,Unitarias,1
6195,6195,1367,Aceptación,1
6196,6196,1367,Aceptación,1
6197,6197,1367,Aceptación,1
6198,6198,1368,Integración,1
6199,6199,1368,Regresión,0
6200,6200,1368,Aceptación,1
6201,6201,1368,Aceptación,1
6202,6202,1368,Integración,1
6330,6330,1152,Unitarias,1
6333,6333,108,Regresión,0
6334,6334,1043,Unitarias,0
6335,6335,120,Regresión,1
6340,6340,518,Regresión,1
6341,6341,1164,Unitarias,1
6352,6352,198,Aceptación,1
6357,6357,152,Regresión,0
6359,6359,705,Regresión,1
6366,6366,1232,Aceptación,1
6370,6370,973,Unitarias,1
6373,6373,887,Aceptación,1
6375,6375,1135,Regresión,1
6378,6378,594,Aceptación,1
6380,6380,1667,Integración,1
6391,6391,1102,Unitarias,1
6393,6393,1012,Aceptación,1
6397,6397,1348,Unitarias,0
6407,6407,922,Unitarias,1
6411,6411,1348,Integración,0
6412,6412,1568,Regresión,1
6414,6414,430,Integración,1
6416,6416,191,Integración,1
6417,6417,1101,Regresión,1
6421,6421,715,Aceptación,1
6424,6424,838,Integración,1
6433,6433,22,Aceptación,0
6438,6438,1246,Unitarias,1
6440,6440,1365,Aceptación,1
6447,6447,1137,Regresión,1
6458,6458,116,Unitarias,1
6466,6466,415,Integración,1
6475,6475,91,Integración,1
6483,6483,1046,Integración,0
6485,6485,1348,Aceptación,1
6488,6488,1010,Unitarias,1
6492,6492,920,Integración,1
6501,6501,485,Regresión,1
6502,6502,210,Aceptación,1
6510,6510,1649,Aceptación,0
6511,6511,913,Unitarias,1
6512,6512,705,Aceptación,1
6522,6522,776,Unitarias,1
6526,6526,1009,Aceptación,1
6529,6529,1034,Aceptación,1
6532,6532,1163,Integración,1
6533,6533,1244,Regresión,1
6539,6539,1779,Integración,1
6542,6542,1315,Aceptación,0
6546,6546,834,Unitarias,1
6548,6548,727,Unitarias,1
6560,6560,27,Aceptación,0
6567,6567,919,Regresión,0
6572,6572,1015,Regresión,1
6575,6575,975,Aceptación,0
6577,6577,1167,Aceptación,1
6579,6579,1430,Unitarias,1
6581,6581,895,Unitarias,1
6603,6603,605,Integración,1
6608,6608,1138,Unitarias,1
6609,6609,1076,Aceptación,1
6613,6613,255,Regresión,0
6618,6618,1755,Unitarias,1
6627,6627,163,Unitarias,1
6635,6635,1016,Unitarias,1
6642,6642,486,Aceptación,1
6644,6644,776,Unitarias,0
6648,6648,1707,Regresión,1
6649,6649,1366,Regresión,1
6651,6651,537,Unitarias,0
6652,6652,519,Aceptación,1
6653,6653,728,Integración,1
6681,6681,337,Integración,1
6682,6682,114,Aceptación,1
6684,6684,1232,Aceptación,1
6686,6686,240,Aceptación,1
6692,6692,31,Regresión,1
6699,6699,727,Integración,1
6700,6700,1244,Unitarias,1
6701,6701,282,Aceptación,1
6704,6704,1629,Aceptación,1
6705,6705,1169,Unitarias,1
6707,6707,1234,Unitarias,1
6710,6710,1513,Regresión,1
6718,6718,108,Integración,1
6721,6721,172,Integración,0
6722,6722,607,Integración,1
6723,6723,1513,Unitarias,1
6730,6730,1244,Unitarias,1
6731,6731,1034,Regresión,1
6735,6735,719,Aceptación,1
6750,6750,206,Unitarias,1
6758,6758,684,Aceptación,1
6769,6769,1048,Unitarias,1
6777,6777,894,Regresión,1
6793,6793,1236,Regresión,1
6794,6794,284,Integración,0
6809,6809,1150,Regresión,0
6815,6815,282,Regresión,1
6818,6818,894,Integración,1
6819,6819,980,Aceptación,1
6821,6821,1798,Integración,1
6825,6825,1046,Integración,1
6828,6828,21,Unitarias,1
6839,6839,726,Aceptación,1
6840,6840,1612,Integración,1
6849,6849,173,Integración,1
6852,6852,1533,Unitarias,1
6855,6855,1601,Regresión,1
6860,6860,994,Aceptación,1
6869,6869,106,Regresión,1
6872,6872,1423,Aceptación,1
6887,6887,778,Regresión,1
6889,6889,207,Integración,0
6899,6899,241,Unitarias,1
6900,6900,1016,Regresión,1
6901,6901,1251,Regresión,1
6904,6904,1747,Unitarias,1
6911,6911,27,Integración,1
6914,6914,116,Regresión,1
6920,6920,114,Aceptación,0
6921,6921,415,Integración,1
6922,6922,1781,Aceptación,1
6923,6923,430,Aceptación,0
6924,6924,914,Unitarias,1
6926,6926,719,Integración,1
6935,6935,1779,Aceptación,1
6940,6940,1475,Unitarias,1
6942,6942,175,Integración,0
6943,6943,982,Aceptación,1
6949,6949,974,Integración,1
6957,6957,916,Unitarias,1
6962,6962,1165,Aceptación,0
6963,6963,994,Unitarias,1
6964,6964,489,Regresión,1
6966,6966,241,Regresión,1
6967,6967,1068,Regresión,1
6973,6973,1192,Unitarias,0
6978,6978,431,Unitarias,1
6985,6985,338,Regresión,1
6991,6991,1167,Unitarias,1
6999,6999,595,Aceptación,1
7001,7001,834,Unitarias,1
7010,7010,1044,Regresión,1
7018,7018,1674,Integración,1
7019,7019,925,Integración,0
7022,7022,1046,Aceptación,1
7026,7026,885,Unitarias,1
7027,7027,1142,Integración,0
7031,7031,1753,Integración,1
7051,7051,1016,Integración,0
7064,7064,1166,Aceptación,1
7066,7066,652,Unitarias,0
7068,7068,414,Aceptación,0
7072,7072,983,Integración,1
7077,7077,1016,Unitarias,1
7079,7079,606,Aceptación,1
7081,7081,174,Integración,1
7090,7090,1322,Regresión,1
7097,7097,1076,Unitarias,1
7100,7100,433,Integración,1
7106,7106,778,Aceptación,1
7130,7130,415,Unitarias,1
7137,7137,1142,Unitarias,1
7139,7139,724,Integración,1
7151,7151,859,Regresión,0
7153,7153,488,Aceptación,0
7155,7155,31,Unitarias,1
7157,7157,1318,Regresión,0
7160,7160,430,Unitarias,1
7165,7165,684,Aceptación,1
7171,7171,1167,Regresión,0
7173,7173,1068,Unitarias,1
7179,7179,256,Aceptación,1
7181,7181,337,Unitarias,1
7184,7184,1365,Regresión,1
7187,7187,595,Aceptación,1
7201,7201,122,Aceptación,1
7203,7203,653,Regresión,1
7205,7205,719,Integración,0
7213,7213,1165,Integración,1
7214,7214,934,Unitarias,1
7217,7217,1144,Integración,0
7222,7222,200,Unitarias,0
7227,7227,1630,Integración,1
7243,7243,241,Unitarias,1
7245,7245,1130,Aceptación,1
7246,7246,715,Unitarias,1
7248,7248,605,Regresión,1
7252,7252,1010,Unitarias,0
7259,7259,1168,Unitarias,1
7262,7262,1748,Regresión,0
7280,7280,31,Aceptación,1
7292,7292,1442,Integración,1
7295,7295,998,Aceptación,1
7296,7296,718,Aceptación,1
7298,7298,922,Unitarias,1
7305,7305,1616,Aceptación,0
7310,7310,1725,Regresión,1
7320,7320,1319,Integración,1
7324,7324,1779,Unitarias,1
7327,7327,652,Aceptación,1
7328,7328,885,Unitarias,0
7331,7331,1617,Unitarias,1
7332,7332,1666,Integración,1
7343,7343,1531,Aceptación,1
7356,7356,1100,Regresión,1
7367,7367,314,Unitarias,1
7372,7372,537,Aceptación,1
7377,7377,915,Integración,1
7382,7382,210,Integración,1
7384,7384,1333,Integración,0
7387,7387,1444,Aceptación,1
7391,7391,115,Unitarias,1
7393,7393,1015,Integración,1
7406,7406,432,Aceptación,1
7407,7407,315,Unitarias,1
7413,7413,707,Regresión,1
7418,7418,1710,Aceptación,1
7421,7421,1075,Unitarias,1
7432,7432,1366,Regresión,1
7433,7433,244,Unitarias,1
7446,7446,1702,Regresión,1
7451,7451,1765,Integración,0
7452,7452,1048,Regresión,0
7456,7456,931,Unitarias,0
7462,7462,1012,Regresión,1
7467,7467,485,Aceptación,1
7469,7469,1322,Integración,1
7470,7470,1135,Regresión,1
7473,7473,174,Regresión,1
7478,7478,925,Regresión,1
7484,7484,1152,Integración,1
7487,7487,174,Unitarias,1
7489,7489,914,Unitarias,1
7490,7490,1126,Integración,1
7493,7493,1482,Regresión,1
7494,7494,1014,Integración,1
7499,7499,21,Unitarias,1
7500,7500,1143,Integración,1
7509,7509,1806,Integración,0
7527,7527,1798,Aceptación,1
7540,7540,777,Regresión,1
7544,7544,1629,Regresión,1
7552,7552,540,Integración,1
7559,7559,1068,Integración,1
7565,7565,28,Unitarias,0
7570,7570,200,Aceptación,1
7572,7572,485,Regresión,1
7573,7573,1015,Aceptación,1
7577,7577,1044,Unitarias,0
7585,7585,173,Integración,1
7588,7588,429,Integración,1
7592,7592,1630,Regresión,1
7593,7593,778,Aceptación,1
7604,7604,1333,Aceptación,1
7605,7605,651,Integración,1
7606,7606,1364,Integración,1
7612,7612,1236,Integración,1
7613,7613,115,Aceptación,1
7614,7614,1069,Integración,1
7616,7616,934,Regresión,1
7621,7621,1167,Regresión,0
7625,7625,208,Integración,1
7627,7627,254,Integración,0
7628,7628,1137,Aceptación,1
7631,7631,28,Integración,1
7633,7633,835,Unitarias,0
7644,7644,1103,Unitarias,0
7646,7646,1679,Integración,0
7650,7650,30,Unitarias,1
7651,7651,893,Unitarias,0
7652,7652,485,Unitarias,0
7653,7653,703,Integración,0
7656,7656,997,Integración,1
7657,7657,315,Regresión,0
7660,7660,1788,Regresión,1
7661,7661,112,Regresión,1
7663,7663,1252,Integración,0
7667,7667,686,Aceptación,1
7670,7670,1151,Unitarias,0
7673,7673,28,Aceptación,0
7678,7678,112,Integración,1
7679,7679,895,Regresión,1
7696,7696,1130,Aceptación,1
7698,7698,777,Aceptación,0
7700,7700,108,Unitarias,0
7702,7702,1151,Unitarias,0
7707,7707,313,Unitarias,0
7718,7718,1125,Regresión,1
7723,7723,1044,Unitarias,1
7732,7732,429,Integración,1
7734,7734,604,Aceptación,1
7737,7737,537,Unitarias,1
7754,7754,244,Unitarias,0
7758,7758,831,Unitarias,1
7759,7759,1035,Aceptación,1
7767,7767,837,Unitarias,0
7777,7777,1710,Regresión,1
7778,7778,1100,Unitarias,1
7780,7780,1010,Unitarias,0
7783,7783,1482,Aceptación,1
7791,7791,1435,Regresión,1
7797,7797,206,Integración,1
7799,7799,1629,Regresión,0
7801,7801,197,Aceptación,1
7802,7802,253,Aceptación,1
7813,7813,1778,Aceptación,1
7816,7816,1367,Integración,1
7820,7820,1573,Unitarias,1
7831,7831,997,Unitarias,1
7837,7837,1529,Regresión,1
7860,7860,924,Aceptación,1
7866,7866,173,Aceptación,0
7867,7867,1798,Integración,0
7869,7869,923,Unitarias,1
7872,7872,1348,Regresión,1
7873,7873,22,Integración,0
7875,7875,778,Aceptación,1
7877,7877,919,Unitarias,1
7883,7883,1798,Regresión,1
7885,7885,1100,Regresión,1
7903,7903,412,Unitarias,1
7906,7906,540,Aceptación,1
7910,7910,1591,Regresión,1
7912,7912,1145,Unitarias,0
7917,7917,1706,Aceptación,1
7923,7923,916,Aceptación,1
7924,7924,703,Unitarias,1
7925,7925,918,Integración,1
7926,7926,1679,Regresión,1
7927,7927,974,Unitarias,1
7930,7930,1331,Integración,1
7932,7932,1076,Unitarias,0
7937,7937,1649,Regresión,1
7938,7938,280,Regresión,1
7941,7941,1757,Integración,0
7943,7943,1364,Aceptación,1
7945,7945,27,Unitarias,1
7948,7948,933,Unitarias,1
7950,7950,242,Unitarias,1
7971,7971,315,Aceptación,1
7973,7973,895,Regresión,1
7977,7977,715,Unitarias,1
7978,7978,652,Unitarias,0
7986,7986,1015,Regresión,1
7989,7989,938,Aceptación,1
7993,7993,1349,Integración,0
8001,8001,719,Regresión,0
8007,8007,706,Aceptación,1
8009,8009,836,Aceptación,0
8021,8021,1798,Unitarias,1
8023,8023,112,Regresión,1
8026,8026,1165,Aceptación,1
8038,8038,1145,Unitarias,1
8040,8040,716,Integración,1
8041,8041,411,Aceptación,1
8049,8049,1703,Aceptación,1
8076,8076,313,Integración,1
8078,8078,1247,Unitarias,1
8093,8093,199,Integración,1
8101,8101,833,Aceptación,0
8102,8102,256,Unitarias,0
8108,8108,1164,Integración,1
8111,8111,115,Integración,1
8112,8112,859,Regresión,1
8134,8134,31,Unitarias,1
8150,8150,336,Integración,1
8152,8152,415,Integración,1
8155,8155,607,Integración,1
8165,8165,1319,Unitarias,1
8167,8167,651,Unitarias,1
8174,8174,28,Unitarias,1
8176,8176,934,Integración,1
8178,8178,1135,Aceptación,1
8195,8195,706,Unitarias,1
8204,8204,593,Aceptación,1
8212,8212,1475,Regresión,1
8230,8230,727,Regresión,1
8236,8236,314,Regresión,1
8239,8239,433,Unitarias,0
8244,8244,411,Integración,0
8247,8247,1075,Integración,1
8258,8258,1190,Integración,1
8259,8259,1431,Unitarias,1
8260,8260,918,Unitarias,1
8262,8262,1144,Aceptación,0
8270,8270,1322,Integración,0
8272,8272,1315,Integración,0
8282,8282,123,Unitarias,1
8284,8284,1248,Aceptación,1
8286,8286,1676,Integración,0
8289,8289,242,Aceptación,0
8299,8299,1033,Integración,1
8304,8304,983,Integración,1
8310,8310,1475,Integración,1
8317,8317,255,Aceptación,1
8319,8319,1612,Aceptación,1
8322,8322,1707,Unitarias,1
8325,8325,1679,Aceptación,1
8332,8332,974,Aceptación,1
8341,8341,153,Regresión,1
8343,8343,1617,Integración,1
8346,8346,1756,Integración,1
8349,8349,92,Regresión,1
8366,8366,1364,Regresión,1
8369,8369,172,Unitarias,1
8374,8374,1124,Regresión,0
8387,8387,1315,Unitarias,1
8389,8389,1348,Integración,1
8391,8391,154,Integración,0
8395,8395,1333,Regresión,1
8399,8399,653,Integración,1
8407,8407,1709,Regresión,1
8413,8413,432,Regresión,0
8417,8417,837,Integración,1
8419,8419,336,Integración,1
8420,8420,1244,Aceptación,1
8421,8421,412,Unitarias,1
8430,8430,1103,Unitarias,1
8433,8433,1250,Aceptación,0
8449,8449,1102,Regresión,1
8450,8450,197,Integración,0
8451,8451,650,Regresión,1
8452,8452,931,Integración,1
8460,8460,1010,Integración,1
8466,8466,1103,Integración,1
8479,8479,595,Integración,1
8504,8504,686,Unitarias,1
8507,8507,284,Regresión,1
8510,8510,241,Aceptación,1
8516,8516,190,Regresión,1
8522,8522,1164,Integración,0
8525,8525,1011,Aceptación,0
8534,8534,596,Regresión,1
8539,8539,280,Unitarias,1
8540,8540,537,Unitarias,1
8545,8545,114,Integración,1
8561,8561,1544,Unitarias,1
8562,8562,255,Integración,1
8572,8572,1128,Regresión,1
8577,8577,606,Aceptación,1
8579,8579,595,Unitarias,1
8582,8582,282,Integración,1
8588,8588,1069,Integración,1
8591,8591,166,Integración,1
8595,8595,313,Aceptación,1
8601,8601,831,Integración,1
8603,8603,92,Unitarias,1
8604,8604,1710,Integración,1
8607,8607,1252,Aceptación,1
8613,8613,256,Integración,1
8615,8615,974,Unitarias,1
8622,8622,1191,Aceptación,1
8623,8623,1101,Unitarias,1
8625,8625,981,Integración,1
8643,8643,833,Unitarias,1
8646,8646,199,Aceptación,0
8654,8654,1048,Regresión,1
8655,8655,836,Integración,1
8660,8660,973,Unitarias,0
8670,8670,1547,Unitarias,1
8680,8680,338,Integración,0
8681,8681,682,Aceptación,1
8685,8685,1168,Unitarias,1
8696,8696,726,Unitarias,1
8706,8706,1781,Integración,1
8708,8708,1046,Unitarias,0
8712,8712,112,Unitarias,1
8717,8717,1319,Aceptación,1
8718,8718,888,Regresión,1
8723,8723,1008,Unitarias,1
8725,8725,1162,Unitarias,1
8729,8729,1103,Integración,1
8734,8734,113,Regresión,0
8745,8745,206,Regresión,1
8746,8746,1067,Aceptación,1
8749,8749,932,Unitarias,1
8753,8753,1015,Aceptación,1
8758,8758,835,Regresión,1
8759,8759,240,Integración,1
8760,8760,1544,Regresión,1
8778,8778,938,Integración,1
8793,8793,519,Regresión,0
8794,8794,683,Regresión,1
8807,8807,116,Unitarias,1
8812,8812,778,Aceptación,0
8816,8816,1612,Integración,1
8822,8822,90,Unitarias,1
8823,8823,116,Unitarias,1
8827,8827,919,Unitarias,1
8829,8829,1075,Regresión,1
8838,8838,1232,Integración,0
8843,8843,998,Regresión,1
8845,8845,1126,Regresión,1
8853,8853,429,Unitarias,1
8856,8856,488,Regresión,1
8862,8862,1806,Unitarias,1
8865,8865,1248,Unitarias,0
8874,8874,998,Unitarias,1
8878,8878,106,Regresión,1
8879,8879,706,Aceptación,1
8881,8881,931,Unitarias,0
8884,8884,715,Unitarias,1
8895,8895,935,Regresión,1
8902,8902,1138,Unitarias,1
8907,8907,487,Unitarias,0
8914,8914,914,Aceptación,1
8924,8924,1591,Unitarias,1
8925,8925,1250,Regresión,1
8936,8936,725,Aceptación,0
8938,8938,1232,Unitarias,1
8939,8939,1513,Aceptación,1
8941,8941,1011,Integración,1
8942,8942,914,Regresión,1
8943,8943,115,Integración,1
8951,8951,981,Unitarias,1
8952,8952,1775,Aceptación,0
8955,8955,650,Regresión,0
8957,8957,121,Aceptación,1
8969,8969,831,Regresión,0
8970,8970,858,Integración,0
8972,8972,154,Integración,1
8976,8976,1233,Regresión,1
8980,8980,831,Unitarias,1
8981,8981,1334,Regresión,0
8985,8985,973,Unitarias,1
8994,8994,972,Regresión,1
9000,9000,894,Aceptación,0
9001,9001,681,Integración,1
9002,9002,412,Unitarias,1
9004,9004,1430,Regresión,1
9005,9005,1008,Unitarias,0
9006,9006,1249,Aceptación,1
9008,9008,1703,Aceptación,1
9015,9015,1168,Integración,1
9022,9022,1765,Aceptación,1
9023,9023,1779,Regresión,1
9026,9026,1513,Regresión,1
9035,9035,1334,Unitarias,1
9043,9043,833,Integración,1
9046,9046,27,Regresión,1
9055,9055,1435,Integración,1
9067,9067,1765,Integración,1
9078,9078,925,Unitarias,1
9079,9079,1798,Regresión,1
9082,9082,887,Regresión,0
9085,9085,313,Regresión,1
9086,9086,1667,Integración,1
9092,9092,1796,Integración,1
9093,9093,1446,Regresión,1
9100,9100,1191,Regresión,0
9106,9106,488,Integración,0
9108,9108,1245,Integración,0
9114,9114,1547,Aceptación,1
9126,9126,983,Aceptación,1
9130,9130,243,Aceptación,1
9132,9132,1666,Unitarias,0
9133,9133,1591,Aceptación,1
9138,9138,832,Unitarias,0
9140,9140,1161,Integración,1
9147,9147,1798,Integración,1
9148,9148,1047,Regresión,1
9149,9149,1248,Integración,0
9151,9151,315,Integración,1
9163,9163,338,Integración,1
9164,9164,115,Unitarias,1
9166,9166,174,Integración,1
9167,9167,1556,Unitarias,1
9168,9168,684,Unitarias,1
9171,9171,653,Unitarias,1
9175,9175,1423,Aceptación,1
9178,9178,917,Integración,0
9180,9180,1475,Integración,0
9184,9184,414,Aceptación,1
9190,9190,1520,Integración,1
9191,9191,938,Unitarias,1
9192,9192,932,Aceptación,1
9197,9197,413,Aceptación,1
9198,9198,20,Integración,1
9202,9202,520,Unitarias,1
9204,9204,1130,Regresión,0
9210,9210,1757,Integración,1
9217,9217,283,Aceptación,1
9220,9220,885,Regresión,1
9224,9224,1150,Aceptación,0
9229,9229,112,Regresión,1
9230,9230,120,Aceptación,1
9250,9250,1753,Integración,1
9252,9252,1520,Unitarias,1
9264,9264,1629,Integración,1
9265,9265,23,Unitarias,1
9268,9268,1366,Unitarias,1
9272,9272,1244,Regresión,1
9291,9291,165,Regresión,1
9293,9293,835,Regresión,1
9295,9295,858,Unitarias,1
9308,9308,113,Regresión,1
9312,9312,1475,Aceptación,1
9315,9315,920,Regresión,0
9316,9316,414,Integración,1
9328,9328,106,Unitarias,1
9329,9329,284,Regresión,1
9340,9340,1167,Regresión,0
9343,9343,778,Unitarias,1
9347,9347,833,Integración,0
9352,9352,1444,Unitarias,1
9353,9353,432,Aceptación,1
9354,9354,595,Regresión,0
9357,9357,1322,Integración,1
9361,9361,1709,Integración,1
9366,9366,705,Integración,1
9376,9376,1676,Aceptación,1
9382,9382,973,Integración,1
9383,9383,778,Integración,0
9385,9385,242,Unitarias,1
9389,9389,1245,Integración,1
9394,9394,1011,Aceptación,0
9407,9407,608,Integración,0
9411,9411,1234,Aceptación,1
9414,9414,1075,Aceptación,1
9415,9415,23,Unitarias,1
9416,9416,716,Aceptación,1
9421,9421,837,Integración,1
9422,9422,1008,Aceptación,1
9424,9424,254,Integración,1
9425,9425,653,Aceptación,1
9426,9426,1710,Integración,0
9428,9428,776,Aceptación,1
9431,9431,1007,Aceptación,1
9437,9437,1138,Regresión,0
9438,9438,719,Aceptación,0
9440,9440,1166,Regresión,1
9446,9446,1517,Unitarias,1
9452,9452,931,Integración,1
9466,9466,718,Integración,1
9474,9474,1013,Aceptación,1
